metric,score,reason,success
Tool Correctness,1.0,"[
	 Tool Calling Reason: All expected tools ['search_UFZ_guidelines'] were called (order not considered).
	 Tool Selection Reason: No available tools were provided to assess tool selection criteria
]
",<bound method BaseMetric.is_successful of <deepeval.metrics.tool_correctness.tool_correctness.ToolCorrectnessMetric object at 0x00000266F9C43390>>
Argument Correctness,1.0,The score is 1.00 because the response correctly addressed the question with no tool call errors or missing information.,<bound method BaseMetric.is_successful of <deepeval.metrics.argument_correctness.argument_correctness.ArgumentCorrectnessMetric object at 0x00000266F9C420D0>>
Task Completion,0.94,"The actual outcome directly addresses the task by evaluating the DMP's storage and backup section against UFZ requirements, highlighting both compliant aspects and specific deficiencies. It provides a clear judgment (partial compliance) and details the reasons (conflation of backup/archiving, missing automated backup and testing). The response fulfills the evaluation request comprehensively, with only minor room for deeper analysis or additional recommendation, thus earning a high score.",<bound method BaseMetric.is_successful of <deepeval.metrics.task_completion.task_completion.TaskCompletionMetric object at 0x00000266F9C42D50>>
Faithfulness,1.0,"The score is 1.00 because there are no contradictions, indicating the actual output fully aligns with the retrieval context. Great job!",<bound method BaseMetric.is_successful of <deepeval.metrics.faithfulness.faithfulness.FaithfulnessMetric object at 0x00000266F9C42AD0>>
Answer Relevancy,0.95,"The score is 0.95 because the answer contained two irrelevant statements—a personal understanding comment and a reference to PANGAEA—that do not address the UFZ storage and archiving requirements, preventing a perfect score.",<bound method BaseMetric.is_successful of <deepeval.metrics.answer_relevancy.answer_relevancy.AnswerRelevancyMetric object at 0x00000266F9C42C10>>
Hallucination,0.0,The score is 0.00 because the actual output fully aligns with the provided context and contains no contradictions.,<bound method HallucinationMetric.is_successful of <deepeval.metrics.hallucination.hallucination.HallucinationMetric object at 0x00000266F9C43610>>
Contextual Recall,0.5,"The score is 0.50 because sentence 1 is partially grounded: nodes 2, 1, 10 and 3 in retrieval context provide evidence for OMERO storage, backup assurance and the UFZ central archive/Helmholtz dCache, supporting the institutional storage and 3‑2‑1 backup claim, but no node explicitly states that the DMP ""satisfies UFZ requirements,"" leaving a key claim unsupported.",<bound method BaseMetric.is_successful of <deepeval.metrics.contextual_recall.contextual_recall.ContextualRecallMetric object at 0x00000266F9C43750>>
Contextual Precision,0.9333333333333332,"The score is 0.93 because the top‑ranked nodes (1‑5) are clearly relevant – e.g., node 1 cites “Backup means the creation of a copy of the data on another storage device,” node 2 notes OMERO usage, node 3 mentions the “UFZ Archive System,” node 4 describes the Helmholtz dCache transfer, and node 5 discusses “Requirements for Long‑Term Archives.” However, nodes 6‑9 are irrelevant (they only list software or intranet requirements) and appear before the last relevant node 10, which again reinforces backup concepts. Those irrelevant nodes interrupt the ranking of relevant information, preventing a perfect score.",<bound method BaseMetric.is_successful of <deepeval.metrics.contextual_precision.contextual_precision.ContextualPrecisionMetric object at 0x00000266F9C43ED0>>
Contextual Relevancy,0.19318181818181818,"The score is 0.19 because most of the retrieved material is unrelated – e.g., ""The statement describes a general data lifecycle model and does not address UFZ storage and archiving requirements"" – and the few relevant bits (such as ""The UFZ Archive System and the UFZ Data Management Portal (DMP) ..."" and ""Requirements for Long-Term Archives: ..."") only give generic backup/archiving guidance without directly confirming compliance with UFZ’s specific storage rules.",<bound method BaseMetric.is_successful of <deepeval.metrics.contextual_relevancy.contextual_relevancy.ContextualRelevancyMetric object at 0x00000266F9C42E90>>
Misuse,0.0,The score is 0.00 because no misuse violations were identified; the content fully complies with policy and contains no prohibited material.,<bound method MisuseMetric.is_successful of <deepeval.metrics.misuse.misuse.MisuseMetric object at 0x00000266F9C43250>>
