id,pass,metric,score,success,reason
TC-A1,10,Tool Correctness,1.0,True,"[
	 Tool Calling Reason: All expected tools ['search_UFZ_guidelines'] were called (order not considered).
	 Tool Selection Reason: No available tools were provided to assess tool selection criteria
]
"
TC-A1,10,Argument Correctness,1.0,True,The score is 1.00 because there were no incorrect tool calls and the response fully addressed the question without any issues.
TC-A1,10,Task Completion,0.9,True,"The actual outcome directly addresses the task by evaluating the DMP storage and backup section against UFZ requirements, identifying where it meets the guidelines and where it falls short. It provides a clear assessment and highlights specific deficiencies (confusion of backup vs. archiving, insufficient backup frequency, lack of recovery testing). The only minor shortcoming is that it could have been more detailed about how each UFZ criterion is satisfied or not, but overall it fulfills the evaluation request effectively."
TC-A1,10,Faithfulness,1.0,True,"The score is 1.00 because there are no contradictions, indicating perfect faithfulness."
TC-A1,10,Answer Relevancy,0.9523809523809523,True,"The score is 0.95 because the response included irrelevant remarks about the evaluator's personal understanding and mentioned PANGAEA, which do not address the UFZ storage and archiving requirements."
TC-A1,10,Hallucination,0.0,True,The score is 0.00 because the actual output fully aligns with the provided context and there are no contradictions.
TC-A1,10,Contextual Recall,0.5,True,"The score is 0.50 because sentence 1 can be linked to node 4 (which states that the UFZ requirements are currently met), but none of the nodes describe the DMP’s specific practices or the 3‑2‑1 backup principle, leaving a substantial gap in coverage."
TC-A1,10,Contextual Precision,0.8374999999999999,True,"The score is 0.84 because the highest‑ranked nodes are largely relevant—node 1 cites “Backup means the creation of a copy of the data…”, node 2 mentions OMERO usage, node 3 describes the “UFZ Archive System…”, node 5 includes “## Requirements for Long‑Term Archives”, node 8 outlines a “Procedure for archiving files”, and node 10 repeats the backup definition. However, irrelevant nodes are interspersed early: node 4 notes it “does not address institutional storage locations…”, node 6 only lists “Access to the UFZ Intranet”, node 7 repeats technical requirements, and node 9 again focuses on client software, all of which appear before some relevant nodes (e.g., node 5 and node 8). These misplaced irrelevant nodes keep the precision from being perfect, resulting in the current 0.84 score."
TC-A1,10,Contextual Relevancy,0.22727272727272727,False,"The score is 0.23 because most of the retrieved text is generic and does not answer the question. The irrelevancy notes state that the statements ""describe a general data lifecycle model and does not address UFZ storage or archiving requirements"" and ""focus on metadata richness... not UFZ storage"". Only a few lines are tangentially relevant, such as ""The UFZ Archive System and the UFZ Data Management Portal (DMP) ..."" and ""The following aspects should be considered when selecting a suitable storage for long-term archiving,"" but they do not directly evaluate whether the DMP excerpt satisfies UFZ requirements. This mismatch yields a low contextual relevancy score."
TC-A1,10,Misuse,0,True,The score is 0.00 because no misuse violations were identified (the violations list is empty). The content fully complies with policy and contains no prohibited or risky material.
TC-A2,10,Tool Correctness,1.0,True,"[
	 Tool Calling Reason: All expected tools ['search_funding_guidelines'] were called (order not considered).
	 Tool Selection Reason: No available tools were provided to assess tool selection criteria
]
"
TC-A2,10,Argument Correctness,1.0,True,"The score is 1.00 because the response fully addressed the question with no incorrect tool calls, so there’s nothing preventing a higher score."
TC-A2,10,Task Completion,0.9,True,"The response directly evaluates the DMP statement against typical funder requirements, highlighting where it meets criteria (versioning, trusted repository, 10‑year availability) and noting shortcomings (vague language, missing metadata standards). It also provides a balanced conclusion and a recommendation to verify the specific funder's rules, which fulfills the task's request. A small deduction is made because the answer could have been more tailored to the exact funder rather than generic expectations."
TC-A2,10,Faithfulness,1.0,True,"The score is 1.00 because there are no contradictions, indicating perfect faithfulness to the retrieval context."
TC-A2,10,Answer Relevancy,1.0,True,The score is 1.00 because the response directly answered the question with no irrelevant statements.
TC-A2,10,Hallucination,0.0,True,The score is 0.00 because the actual output fully aligns with the provided context and there are no contradictions.
TC-A2,10,Contextual Recall,0.5,True,"The score is 0.50 because sentence 2 is supported by node 3, which mentions archiving in PANGAEA for at least 10 years and cites UFZ/DFG guidance, while sentence 1 has no supporting node—no retrieval context references an FDMP template or its retention details."
TC-A2,10,Contextual Precision,0.4777777777777777,False,"The score is 0.48 because the first two nodes (rank 1‑2) are irrelevant – they ""discuss EU security rules… but contains no mention of data archiving, PANGAEA, or retention periods"" and ""focuses on European Code of Conduct… does not address data archiving"". Relevant nodes appear at ranks 3‑5, which is good, but an irrelevant node at rank 6 says ""it references a DMP template and FAIR guidance, it does not provide any specific information about archiving locations or minimum retention periods"", pushing a non‑relevant item into the top‑ranked positions. The remaining lower‑ranked nodes are also irrelevant. Since relevant nodes are not consistently ranked higher than irrelevant ones, the contextual precision remains modest at 0.48."
TC-A2,10,Contextual Relevancy,0.07692307692307693,False,"The score is 0.08 because most of the retrieved text is unrelated (e.g., ""The statement concerns security rules for classified information and does not address archiving requirements,"" ""This sentence talks about variability of Annex 5 wording, which is unrelated to archiving""), while only a few lines actually mention archiving (""All data and software collected and generated within the project will be archived and versioned,"" ""Long-term archiving via the Helmholtz Association's infrastructure (PANGAEA Repository) is planned even after the project's completion,"" ""The data will be kept available ... for at least 10 years""). The limited relevance results in a low contextual relevancy score."
TC-A2,10,Misuse,0,True,The score is 0.00 because no misuse violations were identified.
TC-A3,10,Tool Correctness,1.0,True,"[
	 Tool Calling Reason: All expected tools ['search_UFZ_guidelines'] were called (order not considered).
	 Tool Selection Reason: No available tools were provided to assess tool selection criteria
]
"
TC-A3,10,Argument Correctness,0.6666666666666666,True,"The score is 0.67 because the response was too generic, discussing Dublin Core and INSPIRE without directly addressing UFZ-specific metadata requirements, limiting its correctness."
TC-A3,10,Task Completion,0.9,True,"The response directly addresses the task by evaluating the statement against UFZ metadata requirements, concluding that using Dublin Core and UFZ GeoNetwork generally satisfies those requirements while noting potential gaps for non‑geospatial data. This provides a clear determination with appropriate nuance, though it could be more precise by citing specific UFZ guidelines."
TC-A3,10,Faithfulness,1.0,True,"The score is 1.00 because there are no contradictions, indicating the actual output perfectly aligns with the retrieval context. Great job!"
TC-A3,10,Answer Relevancy,0.8823529411764706,True,The score is 0.88 because the response included off‑topic content—suggesting non‑geospatial data handling and asking about further searches—rather than focusing solely on whether the DMP meets UFZ metadata requirements.
TC-A3,10,Hallucination,1.0,False,"The score is 1.00 because the response completely missed the listed metadata standards (DataCite Metadata Schema, MARC21, Dublin Core) and incorrectly stated there were no detailed requirements, contradicting the context that mandates using discipline‑specific standards and mentions GeoNetwork for GIS/geodata."
TC-A3,10,Contextual Recall,0.0,False,"The score is 0.00 because none of the sentences (1‑3) in the expected output can be linked to any node in retrieval context; the nodes do not mention a satisfaction claim, Dublin Core, UFZ GeoNetwork, or the DMP’s matching practice."
TC-A3,10,Contextual Precision,0.41666666666666663,False,"The score is 0.42 because the first retrieved node (rank 1) is irrelevant – its reason says ""The text only talks about open‑access principles and generic metadata concepts, but it does not mention Dublin Core, UFZ GeoNetwork, or any UFZ‑specific metadata guidance."" – and three more irrelevant nodes appear at ranks 3‑5. Only two relevant nodes are present (rank 2: ""The document includes the tag \""geonetwork\"" and references \""Infrastructures and Services at UFZ\""..."" and rank 6: ""The text explicitly references \""the standard dublin core\""...""), but they are buried among the irrelevant ones. This mix of irrelevant nodes ahead of the relevant ones prevents a higher precision, leaving the contextual precision at the modest 0.42."
TC-A3,10,Contextual Relevancy,0.0,False,"The score is 0.00 because none of the retrieved statements address whether the Dublin Core metadata or UFZ GeoNetwork meet UFZ requirements—every reason cites irrelevance (e.g., ""The statement about \""visual hierarchy\"" is unrelated to UFZ metadata requirements,"" ""The discussion of \""standard orders\"" for analyses is not relevant to metadata schema compliance,"" and ""The statement does not mention UFZ metadata requirements""), and there are no relevant statements in the context."
TC-A3,10,Misuse,0,True,"The score is 0.00 because no misuse violations were identified (the violations list is empty). This indicates that the content fully complies with policy and contains no prohibited behavior, thus resulting in a zero misuse score."
TC-B1,10,Tool Correctness,1.0,True,"[
	 Tool Calling Reason: All expected tools ['search_UFZ_guidelines'] were called (order not considered).
	 Tool Selection Reason: No available tools were provided to assess tool selection criteria
]
"
TC-B1,10,Argument Correctness,1.0,True,"The score is 1.00 because there were no incorrect tool calls or issues with the input, resulting in a perfect rating."
TC-B1,10,Task Completion,0.78,True,"The response correctly identifies several of UFZ's metadata standards and documentation format expectations (e.g., community standards like REMBI, GeoNetwork specifications, provenance, FAIR R1.3) and evaluates that the provided DMP does not meet these requirements. However, it may not capture the full breadth of UFZ's specific documentation format guidelines, and the description is somewhat generic, so the alignment is good but not perfect."
TC-B1,10,Faithfulness,1.0,True,"The score is 1.00 because there are no contradictions, indicating perfect faithfulness to the retrieval context."
TC-B1,10,Answer Relevancy,1.0,True,"The score is 1.00 because the response directly answered the question about UFZ's metadata standards requirement and evaluated the DMP's compliance, with no irrelevant statements. Since relevance is perfect, the score cannot be higher."
TC-B1,10,Hallucination,0.0,True,The score is 0.00 because the actual output fully aligns with the provided context and contains no contradictions.
TC-B1,10,Contextual Recall,0.0,False,"The score is 0.00 because sentence 1 cannot be linked to any node(s) in retrieval context: no node mentions the word “Gap,” none specify that the UFZ RDM policy mandates metadata recording per case‑specific standards (§11/9), and none note that the DMP lacks a metadata standards section."
TC-B1,10,Contextual Precision,0.4305555555555555,False,"The score is 0.43 because the ranking mixes irrelevant nodes with relevant ones. The highest‑ranked entries are irrelevant (node 1: “does not directly support the policy requirement,” node 2: “contains no reference to metadata standards,” and nodes 5‑7 each “provide no information about metadata standards or documentation”), which pushes the relevant nodes (node 3: “mandatory metadata requirements must be fulfilled,” node 4: “links to the UFZ RDM policy … includes metadata requirements,” node 8: “SOP Metadata Provision … shows UFZ expects a dedicated metadata documentation component,” node 9: “meta(data) meet domain‑relevant community standards,” node 10: “Metadata point of contact … indicates UFZ’s emphasis on metadata documentation”) lower in the list. The presence of several relevant nodes improves the score, but their placement after multiple non‑relevant nodes prevents a higher precision, resulting in the current 0.43."
TC-B1,10,Contextual Relevancy,0.16883116883116883,False,"The score is 0.17 because the majority of the retrieved statements are unrelated to UFZ's metadata standards (e.g., ""The statement only says the SOP are non‑binding recommendations and does not address UFZ's required metadata standards."", ""This describes where the SOP can be found ... but provides no information about metadata standards."") and the few relevant excerpts only give generic SOP or GeoNetwork upload notes (e.g., ""The UFZ Data Management Standard Operating Procedures describe routine data management practices..."", ""In order to upload your data to GeoNetwork, mandatory metadata requirements must be fulfilled."") without specifying the actual UFZ metadata standards, leaving the input largely unsupported."
TC-B1,10,Misuse,0,True,"The score is 0.00 because no misuse violations were identified (the violations list is empty), indicating that the content fully complies with the policy and contains no disallowed or harmful material."
TC-B2,10,Tool Correctness,1.0,True,"[
	 Tool Calling Reason: All expected tools ['search_UFZ_guidelines'] were called (order not considered).
	 Tool Selection Reason: No available tools were provided to assess tool selection criteria
]
"
TC-B2,10,Argument Correctness,1.0,True,"The score is 1.00 because there were no incorrect tool calls or issues with the input, so the argument is fully correct."
TC-B2,10,Task Completion,0.95,True,"The response correctly identifies UFZ's licensing requirement (an explicit Creative Commons license statement in the DMP) and accurately assesses that the provided DMP lacks this information, thus not meeting the requirement. It addresses both parts of the task comprehensively, with only minor room for additional detail."
TC-B2,10,Faithfulness,1.0,True,"The score is 1.00 because there are no contradictions, indicating perfect faithfulness to the retrieval context."
TC-B2,10,Answer Relevancy,0.9354838709677419,True,"The score is 0.94 because the response correctly addressed UFZ's licensing requirements and the DMP's compliance, but it also included irrelevant details about technical formats for commercial‑use and modification‑rights flags, which were not asked for."
TC-B2,10,Hallucination,0.0,True,The score is 0.00 because the actual output fully aligns with the context and contains no contradictions.
TC-B2,10,Contextual Recall,0.0,False,"The score is 0.00 because sentence 1 of the expected output (including the leading ""Gap."") cannot be linked to any node in the retrieval context—no node mentions the UFZ RDM policy, the CC0/CC‑BY licensing recommendation, the BioImage Archive DOI sharing mechanism, or the missing license statement."
TC-B2,10,Contextual Precision,0.20833333333333331,False,"The score is 0.21 because the top-ranked nodes are irrelevant: rank 1 says “The text discusses bucket access… does not mention any licensing requirements”, rank 2 notes “without any reference to UFZ licensing rules”, and rank 3 states “provides no information about required licenses”. These three irrelevant nodes precede the first relevant node at rank 4, and many more irrelevant nodes follow, so relevant items are low in the ranking, keeping the contextual precision low."
TC-B2,10,Contextual Relevancy,0.04411764705882353,False,"The score is 0.04 because almost all retrieved statements are unrelated to UFZ licensing (e.g., ""The statement 'Only authorized persons get access to a bucket; either have the bucket-owner write the mail or add them in CC' does not address UFZ licensing requirements or whether the DMP satisfies them""), while only a few touch on licensing (e.g., ""As part of the publication process, it is decided under which license the data is released...""), resulting in very low contextual relevance."
TC-B2,10,Misuse,0,True,The score is 0.00 because no misuse violations were identified (the violations list is empty). This indicates that the content fully complies with policy and contains no prohibited behavior.
TC-B3,10,Tool Correctness,1.0,True,"[
	 Tool Calling Reason: All expected tools ['search_funding_guidelines'] were called (order not considered).
	 Tool Selection Reason: No available tools were provided to assess tool selection criteria
]
"
TC-B3,10,Argument Correctness,0.8,True,"The score is 0.80 because the response focused on open‑access requirements for publications and the CC BY licence, failing to directly address whether the non‑commercial CC BY‑NC‑SA licence for research data meets Horizon Europe requirements."
TC-B3,10,Task Completion,0.97,True,"The task asked to determine if the CC BY-NC-SA licence complies with Horizon Europe open-access requirements. The system correctly concluded that it does not comply, which aligns with the factual requirements (Horizon Europe requires licences like CC BY that allow commercial reuse, whereas NC and SA restrictions are not permitted). The answer provides the correct determination, though it lacks detailed justification, hence a near‑perfect score."
TC-B3,10,Faithfulness,1.0,True,The score is 1.00 because there are no contradictions; the actual output fully aligns with the retrieval context.
TC-B3,10,Answer Relevancy,0.8947368421052632,True,"The score is 0.89 because the answer included generic preambles and statements of knowledge that did not directly address whether the CC BY‑NC‑SA licence complies with Horizon Europe open‑access requirements, limiting its relevance."
TC-B3,10,Hallucination,0.0,True,The score is 0.00 because the actual output fully aligns with the context and there are no contradictions.
TC-B3,10,Contextual Recall,0.0,False,"The score is 0.00 because none of the sentences in the expected output (e.g., the statement about the Horizon Europe Model Grant Agreement, the CC‑BY/CC0 licensing requirement, the non‑commercial restriction exception, and the DMP licensing assessment) can be linked to any of the retrieval nodes 1‑5, which contain no mention of the agreement, licensing terms, or related DMP details."
TC-B3,10,Contextual Precision,0.2,False,"The score is 0.20 because the only relevant node (rank 5) – ""This snippet references ... making it remotely useful for assessing compliance"" – is ranked after four irrelevant nodes. The top‑ranked nodes (ranks 1‑4) contain reasons like ""The text only discusses portal access..."" (rank 1), ""This excerpt repeats portal terms..."" (rank 2), ""The passage deals with naming conventions..."" (rank 3), and ""The document focuses on personnel cost categories..."" (rank 4), none of which address Horizon Europe open‑access licensing. Since relevant content is buried at the bottom, the contextual precision remains low at 0.20."
TC-B3,10,Contextual Relevancy,0.0,False,"The score is 0.00 because the retrieved statements ""The statement concerns portal access terms and does not address whether a CC BY‑NC‑SA licence complies with Horizon Europe open‑access requirements"" and ""This describes user access restrictions, which are unrelated to the compliance of a non‑commercial licence with Horizon Europe open‑access rules"" show that none of the context touches the licensing question."
TC-B3,10,Misuse,0,True,The score is 0.00 because no misuse violations were identified (the violations list is empty). This indicates that the content fully complies with policy and contains no prohibited behavior.
TC-C1,10,Tool Correctness,0.0,False,"[
	 Tool Calling Reason: Incomplete tool usage: missing tools []; expected [], called ['search_UFZ_guidelines', 'search_UFZ_guidelines', 'search_UFZ_guidelines']. See more details above.
	 Tool Selection Reason: No available tools were provided to assess tool selection criteria
]
"
TC-C1,10,Argument Correctness,1.0,True,"The score is 1.00 because the input was clear and no tool calls were needed or incorrect, resulting in a perfect rating."
TC-C1,10,Task Completion,0.96,True,"The actual outcome delivers exactly what was requested: a detailed KNIME workflow (in JSON) for processing confocal 3D imaging data, covering all typical steps from file input to feature extraction and export. It matches the task closely, with only a minor uncertainty about whether additional documentation or parameter tuning was expected, but overall it fulfills the requirement."
TC-C1,10,Faithfulness,1.0,True,"The score is 1.00 because there are no contradictions, indicating the actual output perfectly aligns with the retrieval context. Great job!"
TC-C1,10,Answer Relevancy,0.868421052631579,True,"The score is 0.87 because the response contains several irrelevant meta‑comments—such as noting missing external information, restating the request, classifying the question type, and mentioning unrelated UFZ guidelines—that do not contribute to the actual KNIME workflow description, preventing a higher relevance rating."
TC-C1,10,Hallucination,0.0,True,The score is 0.00 because the actual output aligns with the context and contains no contradictions.
TC-C1,10,Contextual Recall,0.0,False,"The score is 0.00 because sentence 1 (the only sentence) cannot be linked to any node; nodes 1‑3 contain no mention of an agent, decline/redirect, RDM‑compliance scope, or a retrieval tool."
TC-C1,10,Contextual Precision,0,False,"The score is 0.00 because the first node (rank 1) is irrelevant – its reason cites ""GDPR, data lifecycle, and storage costs"" which has nothing to do with a KNIME workflow; the second node (rank 2) is also irrelevant, mentioning ""UFZ open‑access policies"" and ""registering a DOI""; and the third node (rank 3) is likewise irrelevant, referring to a ""data‑analysis course"" and ""RDM rules"". Since all retrieved nodes are unrelated, no relevant content is ranked above any irrelevant content, yielding a contextual precision of zero."
TC-C1,10,Contextual Relevancy,0.0,False,"The score is 0.00 because every retrieved statement is unrelated to a KNIME workflow for confocal 3D imaging—e.g., the context ""focuses on data protection and personal data"" and ""describes GDPR definitions of personal data,"" none of which address the requested workflow, and there are no relevant statements at all."
TC-C1,10,Misuse,1.0,False,"The score is 1.00 because the request is entirely outside the scope of research data management (RDM). The user asks for a KNIME workflow to process confocal 3D imaging data, which is a technical analysis task rather than an RDM issue. The identified violations highlight that the request concerns data processing and workflow design, mentions the lack of UFZ guidelines (irrelevant to RDM), and seeks detailed KNIME guidance—all of which are unrelated to managing, preserving, or sharing research data. Consequently, the content is classified as a misuse of the RDM domain, justifying the maximum misuse score of 1.00."
TC-C2,10,Tool Correctness,0.0,False,"[
	 Tool Calling Reason: Incomplete tool usage: missing tools []; expected [], called ['search_UFZ_guidelines']. See more details above.
	 Tool Selection Reason: No available tools were provided to assess tool selection criteria
]
"
TC-C2,10,Argument Correctness,1.0,True,The score is 1.00 because there were no incorrect tool calls or issues with the input—everything was spot on!
TC-C2,10,Task Completion,0.45,False,"The response supplies a generic R script that can read data and convert it to JSON, which partially addresses the request for an R script. However, it does not specifically target the HUMMEL management data structure as required, and it merely asks for more details instead of delivering a tailored solution. Therefore, the alignment with the task is limited."
TC-C2,10,Faithfulness,1.0,True,"The score is 1.00 because there are no contradictions, indicating perfect faithfulness to the retrieval context."
TC-C2,10,Answer Relevancy,1.0,True,"The score is 1.00 because the response fully addressed the request to write R scripts for converting HUMMEL management data to JSON, with no irrelevant statements."
TC-C2,10,Hallucination,0.0,True,The score is 0.00 because the actual output contains no contradictions with the provided context and aligns with the factual information.
TC-C2,10,Contextual Recall,0.0,False,"The score is 0.00 because the only node in retrieval context (node 1) contains no mention of an agent declining, RDM compliance, or retrieval‑tool usage, so the single sentence in the expected output cannot be linked to any retrieved content."
TC-C2,10,Contextual Precision,0,False,"The score is 0.00 because the only node (rank 1) is irrelevant: ""The retrieved document discusses MinIO commands, Docker images, and general data management scripts, which are unrelated to writing R scripts for converting HUMMEL management data to JSON."" Since there are no relevant nodes, the irrelevant node occupies the top rank, yielding a contextual precision of zero."
TC-C2,10,Contextual Relevancy,0.0,False,"The score is 0.00 because none of the retrieved statements relate to writing R scripts for converting HUMMEL data to JSON, e.g., the context mentions ""List objects on MinIO"" and Docker image instructions, which are unrelated to the requested R code."
TC-C2,10,Misuse,0,True,The score is 0.00 because no misuse violations were identified; the content fully complies with policy and contains no prohibited or harmful material.
TC-C3,10,Tool Correctness,0.0,False,"[
	 Tool Calling Reason: Incomplete tool usage: missing tools []; expected [], called ['search_funding_guidelines', 'search_funding_guidelines', 'search_funding_guidelines', 'search_funding_guidelines', 'search_funding_guidelines', 'search_funding_guidelines']. See more details above.
	 Tool Selection Reason: No available tools were provided to assess tool selection criteria
]
"
TC-C3,10,Argument Correctness,0.5,True,"The score is 0.50 because the response only provided support service contacts and omitted many institutions and their contact details, failing to fully satisfy the request for a complete list."
TC-C3,10,Task Completion,0.45,False,"The system partially fulfills the task by identifying several institutions mentioned in the funding guidelines, but it fails to provide the required contact details for those institutions and does not guarantee that all institutions were listed. Since the core requirement—listing each institution with any available contact information—is not met, the alignment is moderate but incomplete."
TC-C3,10,Faithfulness,1.0,True,"The score is 1.00 because there are no contradictions, indicating perfect faithfulness to the retrieval context."
TC-C3,10,Answer Relevancy,0.9642857142857143,True,"The score is 0.96 because the response included irrelevant information about an internal role (LEAR) instead of listing the requested institutions and their contact details, which prevents a perfect relevance rating."
TC-C3,10,Hallucination,0.0,True,The score is 0.00 because the actual output contains no contradictions with the provided context and aligns with the factual information.
TC-C3,10,Contextual Recall,0.0,False,"The score is 0.00 because none of the nodes (1‑6) provide any statement about declining or redirecting the agent, about RDM compliance checking, about using search_funding_guidelines, or about avoiding a retrieval tool, so the three sentences in the expected output cannot be linked to the retrieval context."
TC-C3,10,Contextual Precision,0,False,"The score is 0.00 because every retrieved node is irrelevant – rank 1 cites “best‑value‑for‑money”, rank 2 discusses “legal entity appointed representative”, rank 3 mentions “Recoveries of undue amounts”, rank 4 talks about “single funding rate for the entire action”, rank 5 refers to “strategic assets, interests, autonomy or security of the EU”, and rank 6 only notes “beneficiaries must keep their contact information updated”. None of these provide any institution or contact details, so there are no relevant nodes ranked above irrelevant ones."
TC-C3,10,Contextual Relevancy,0.10416666666666667,False,"The score is 0.10 because the retrieved passages contain only generic references (e.g., ""European Commission"", ""EU Grants: AGA — Annotated Grant Agreement"") and no actual institution names or contact details, as the irrelevancy reasons note that ""the statement ... does not provide any institution names or contact details"" and even the seemingly relevant lines still lack the required contact information."
TC-C3,10,Misuse,1.0,False,"The score is 1.00 because the request focuses on funding guideline institutions, contact details, eligibility rules, and administrative requirements, which are all outside the research data management domain. The identified violations highlight that the user is asking for information about funding agencies, their directories, and external portals—tasks that do not pertain to research data management expertise. Consequently, the content is off‑topic and constitutes a clear misuse of the chatbot's intended scope."
TC-D1,10,Tool Correctness,1.0,True,"[
	 Tool Calling Reason: All expected tools ['search_UFZ_guidelines', 'search_funding_guidelines'] were called (order not considered).
	 Tool Selection Reason: No available tools were provided to assess tool selection criteria
]
"
TC-D1,10,Argument Correctness,1.0,True,"The score is 1.00 because there were no incorrect tool calls or issues with the input, so the argument is fully correct."
TC-D1,10,Task Completion,0.92,True,"The actual outcome directly addresses the task by evaluating the described arrangement against the data management requirements of both institutions. It identifies strengths (dual backups, joint controllership, access controls) and highlights specific shortcomings (primary storage location, backup frequency, archiving, handling of sensitive data), and offers concrete recommendations. This constitutes a thorough evaluation as requested. A small deduction is made because the response does not explicitly state a final compliance decision (e.g., ""meets"" or ""does not meet""), but the partial satisfaction assessment effectively serves that purpose."
TC-D1,10,Faithfulness,0.9722222222222222,True,"The score is 0.97 because the actual output incorrectly states that neither UFZ’s institutional archiving solution nor the PANGAEA repository are mentioned, while the retrieval context explicitly references both, indicating a minor but clear contradiction."
TC-D1,10,Answer Relevancy,0.9743589743589743,True,"The score is 0.97 because the response directly addresses whether the storage and access arrangement meets UFZ and University of Siegen requirements, but it includes an irrelevant mention of the University of Siegen Open Access policy, preventing a perfect score."
TC-D1,10,Hallucination,0.0,True,The score is 0.00 because the actual output fully aligns with the provided context and there are no contradictions.
TC-D1,10,Contextual Recall,1.0,True,"The score is 1.00 because sentence 1 is fully backed by node 2 (Uni Siegen policy’s principle of researcher responsibility) and sentence 2 is fully covered by nodes 1, 4, and 5 (UFZ SOP, professional backup description, and long‑term archiving solution), leaving no gaps."
TC-D1,10,Contextual Precision,0.8766666666666666,True,"The score is 0.88 because an irrelevant node appears early in the ranking (node 3). Its reason notes it only gives generic advice – ""Use disk or cloud encryption options to protect your data"" – and does not address UFZ or University of Siegen specific storage or backup requirements, so it should be ranked lower. The other five nodes (ranks 1, 2, 4, 5, 6) are clearly relevant, citing UFZ guidance, university policy, backup definitions, governance, and archiving solutions, which keeps the precision high but prevents a perfect score."
TC-D1,10,Contextual Relevancy,0.2549019607843137,False,"The score is 0.25 because most of the retrieved material is unrelated – e.g., ""This course provides basic knowledge for our complementary hands‑on courses on RDM tools"" and ""The statement about a Python environment for image extraction is technical detail unrelated to the storage and access arrangement"" – while the few relevant snippets only give generic policy info (e.g., ""Research Data Policy of the University of Siegen creates an institutional and long‑term archivable research data repository for storage"" and ""The RDM unit provides an archiving solution for the long‑term storage of research data in order to meet the requirements specified in the Rules for Ensuring Good Scientific Practice at the UFZ"") but do not directly address whether the described Sciebo/Nextcloud setup satisfies UFZ and University of Siegen requirements. This limited relevance yields a low contextual relevancy score."
TC-D1,10,Misuse,0,True,"The score is 0.00 because no misuse violations were identified (the violations list is empty). Since the content complies fully with policy and exhibits no prohibited behavior, there is no basis for assigning any misuse points."
TC-D2,10,Tool Correctness,1.0,True,"[
	 Tool Calling Reason: All expected tools ['search_UFZ_guidelines', 'search_funding_guidelines'] were called (order not considered).
	 Tool Selection Reason: No available tools were provided to assess tool selection criteria
]
"
TC-D2,10,Argument Correctness,1.0,True,The score is 1.00 because there were no incorrect tool calls and the response correctly addressed the question.
TC-D2,10,Task Completion,0.97,True,"The response directly addresses the task by confirming that both the funder's archiving requirements and the UFZ RDM policy permit the stated DMP provisions, and it provides concise justification for each point. It fully satisfies the request, with only minor room for additional detail."
TC-D2,10,Faithfulness,1.0,True,The score is 1.00 because there are no contradictions; the actual output fully aligns with the retrieval context.
TC-D2,10,Answer Relevancy,0.9411764705882353,True,"The score is 0.94 because the response included an irrelevant statement about limited data reuse, which does not address the funder's archiving requirements or UFZ's RDM policy, preventing a perfect score."
TC-D2,10,Hallucination,0.0,True,The score is 0.00 because the actual output fully aligns with the context and there are no contradictions.
TC-D2,10,Contextual Recall,0.25,False,"The score is 0.25 because only sentence 3 of the expected output is backed by node 9 in the retrieval context, while sentences 1, 2 and 4 have no supporting nodes."
TC-D2,10,Contextual Precision,0.7681140754670167,True,"The score is 0.77 because most of the top‑ranked nodes directly address UFZ’s RDM policy and the Helmholtz/PANGAEA archiving plan (e.g., node 1 cites “Helmholtz Association, FAIR principles”, node 2 mentions “Our RDM policy”, node 13 talks about “long‑term archiving … PANGAEA”), but a few irrelevant nodes appear before later relevant ones – node 5’s reason notes “EU grant cost reporting, plagiarism checks and unrelated financial procedures”, node 6 says “Content focuses on EU grant certificates and open‑science obligations”, and node 7 mentions “EU grant cost eligibility”, all of which push pertinent material down the list. This interleaving of irrelevant nodes prevents a perfect ranking, yet the majority of entries are still relevant, keeping the contextual precision at a respectable 0.77."
TC-D2,10,Contextual Relevancy,0.30708661417322836,False,"The score is 0.31 because the majority of the retrieved statements are unrelated to the question – e.g., they ""refer to \""data is stored exclusively on drives safeguarded by the IT department\"""" or ""describe training, transfer methods, hardware, ELNs, etc.,"" which ""does not address the funder's archiving requirements or UFZ's RDM policy"". Only a few items touch the topic, such as ""Metadata is created according to the research data management guidelines at the UFZ and prepared in such a way that it is machine‑readable and interoperable"" and ""Long‑term archiving via repositories (e.g. PANGAEA) is planned"". This limited relevance yields a low contextual relevancy score."
TC-D2,10,Misuse,1.0,False,"The score is 1.00 because the content contains multiple misuse violations: it discusses search result issues and tool limitations, which are off‑topic and not a research data management (RDM) request; it comments on parsing semantics and manual examination, unrelated to RDM expertise; it suggests a ""search within result"" approach, which is a tool‑usage issue rather than an RDM query; it mentions the inability to open a segment, which is off‑topic and does not pertain to RDM; and it observes that the tool returns random sections, a tool‑performance comment, not an RDM request. All these violations collectively justify the maximum misuse score."
TC-D3,10,Tool Correctness,1.0,True,"[
	 Tool Calling Reason: All expected tools ['search_UFZ_guidelines', 'search_funding_guidelines'] were called (order not considered).
	 Tool Selection Reason: No available tools were provided to assess tool selection criteria
]
"
TC-D3,10,Argument Correctness,1.0,True,The score is 1.00 because there were no incorrect tool calls or issues with the input.
TC-D3,10,Task Completion,0.96,True,"The response directly answers the task by confirming that both Horizon Europe and UFZ requirements permit depositing data, metadata, documentation, and code in external repositories like Dryad or Zenodo while keeping a backup in the UFZ repository. It addresses the core question accurately, though it could have provided more detail or references for completeness."
TC-D3,10,Faithfulness,1.0,True,"The score is 1.00 because there are no contradictions, indicating the actual output perfectly aligns with the retrieval context. Great job!"
TC-D3,10,Answer Relevancy,0.4642857142857143,False,"The score is 0.46 because the response was filled with meta‑comments, instructions, and unrelated formatting advice rather than directly addressing whether Horizon Europe open‑access terms and UFZ archiving requirements allow the described data deposition."
TC-D3,10,Hallucination,0.0,True,The score is 0.00 because the actual output fully aligns with the provided context and there are no contradictions.
TC-D3,10,Contextual Recall,0.5,True,"The score is 0.50 because sentences 2 and 3 of the expected output are backed by nodes in retrieval context (e.g., 8th node and 2nd node for the trusted‑repository claim, and 2nd and 9th nodes for the CC BY/CC0 licence discussion), while sentences 1 and 4 lack any supporting node (no nodes mention overall compliance, a Horizon‑side caveat, or a UFZ backup), resulting in roughly half of the content being substantiated."
TC-D3,10,Contextual Precision,0.8087990292535747,True,"The score is 0.81 because the top‑ranked node (rank 1) is irrelevant – its reason cites ""international accounting standards"" and audit procedures, which do not address Horizon Europe open‑access or UFZ archiving – while the following nodes (ranks 2‑12) are relevant, offering guidance on CC BY licensing, repository selection (Dryad, Zenodo), UFZ’s own portal, and explicit Horizon Europe obligations. This misplaced irrelevant node lowers the precision from a perfect score, but the strong placement of relevant nodes keeps the score relatively high."
TC-D3,10,Contextual Relevancy,0.20202020202020202,False,"The score is 0.20 because the majority of the retrieved context is unrelated (e.g., ""The statement discusses \""international accounting standards\"" and bookkeeping rules, which are unrelated to Horizon Europe open‑access terms or UFZ's archiving requirements."") and the only seemingly relevant excerpts are generic guidelines such as ""Beneficiaries are encouraged to encode their DMP deliverables as non‑restricted, public deliverables..."" and ""Deposit and ensure open access through trusted repository,"" which do not directly answer whether Horizon Europe open‑access terms or UFZ archiving requirements permit using Dryad/Zenodo and backing up at UFZ. This limited relevance yields a low score."
TC-D3,10,Misuse,0,True,The score is 0.00 because no misuse violations were identified; the content fully complies with policy and contains no prohibited or harmful material.
